hop,n_queries,total_evals,unique_nodes,sharing_rate,avg_evals
0,1000,32000,32,0.999,32.0
1,1000,31302,815,0.9739633250271548,31.302
2,1000,30623,7049,0.769813538843353,30.623
3,1000,30545,21275,0.30348665902766414,30.545
4,1000,30165,27615,0.08453505718547982,30.165
5,1000,29624,28491,0.03824601674318118,29.624
6,1000,28906,28162,0.02573860098249503,28.906
7,1000,28224,27594,0.022321428571428603,28.224
8,1000,27425,26858,0.020674567000911526,27.425
9,1000,26677,26123,0.020766952805787775,26.677
10,1000,26234,25748,0.01852557749485395,26.234
11,1000,25661,25079,0.02268033202135533,25.661
12,1000,25270,24817,0.01792639493470516,25.27
13,1000,24962,24528,0.01738642736960183,24.962
14,1000,24714,24201,0.020757465404224296,24.714
15,1000,24413,23990,0.017326834063818408,24.413
16,1000,24183,23751,0.017863788611834797,24.183
17,1000,23946,23461,0.02025390461872545,23.946
18,1000,23868,23436,0.018099547511312264,23.868
19,1000,23405,23033,0.015894039735099286,23.405
20,1000,23191,22788,0.017377430899918056,23.191
21,1000,23075,22724,0.01521126760563385,23.075
22,1000,22668,22293,0.016543144520910547,22.668
23,1000,22834,22437,0.01738635368310415,22.834
24,1000,22551,22129,0.01871313910691319,22.551
25,1000,22254,21866,0.01743506785297022,22.254
26,1000,22085,21757,0.01485170930495816,22.085
27,1000,22039,21645,0.017877399156041585,22.039
28,1000,21876,21532,0.015724995428780364,21.876
29,1000,21665,21263,0.018555273482575574,21.665
30,1000,21560,21205,0.016465677179962945,21.56
31,1000,21604,21262,0.015830401777448655,21.604
32,999,21185,20836,0.016473920226575456,21.206206206206208
33,1000,21216,20854,0.017062594268476672,21.216
34,1000,21184,20853,0.015625,21.184
35,1000,21243,20947,0.013934001788824535,21.243
36,1000,21035,20734,0.014309484193011701,21.035
37,1000,20975,20685,0.013825983313468404,20.975
38,999,20942,20625,0.015137045172380903,20.962962962962962
39,1000,20636,20356,0.013568521031207648,20.636
40,1000,20788,20488,0.014431402732345555,20.788
41,1000,20541,20234,0.014945718319458678,20.541
42,1000,20522,20205,0.015446837540200709,20.522
43,1000,20186,19856,0.016347963935400722,20.186
44,1000,20362,20034,0.016108437285139,20.362
45,1000,20173,19894,0.013830367322658965,20.173
46,1000,20059,19726,0.016601026970437194,20.059
47,1000,19936,19662,0.013743980738362804,19.936
48,1000,20018,19710,0.01538615246278352,20.018
49,1000,20029,19736,0.014628788257027292,20.029
50,1000,19896,19571,0.01633494169682348,19.896
51,1000,19848,19569,0.014056831922611868,19.848
52,1000,19644,19340,0.015475463245774757,19.644
53,999,19768,19428,0.017199514366653124,19.78778778778779
54,1000,19580,19303,0.014147088866189983,19.58
55,1000,19527,19235,0.014953653915091958,19.527
56,1000,19341,19048,0.015149164986298591,19.341
57,999,19517,19159,0.018342983040426253,19.536536536536538
58,1000,19579,19277,0.015424689718576023,19.579
59,999,19385,19069,0.016301263863812254,19.404404404404403
60,1000,19478,19173,0.015658691857480256,19.478
61,1000,19052,18792,0.013646861221918938,19.052
62,1000,19109,18809,0.01569940865560726,19.109
63,999,18903,18637,0.014071840448605988,18.92192192192192
64,1000,19164,18872,0.015236902525568752,19.164
65,1000,18837,18604,0.012369273238838407,18.837
66,1000,18858,18571,0.01521900519673347,18.858
67,1000,18955,18667,0.01519388024267998,18.955
68,999,19084,18806,0.01456717669251728,19.103103103103102
69,1000,18753,18473,0.014930944382232192,18.753
70,998,18586,18277,0.016625416980523,18.62324649298597
71,1000,18521,18299,0.011986393823227637,18.521
72,1000,18749,18484,0.0141340871513147,18.749
73,999,18587,18281,0.016463119384516056,18.605605605605607
74,1000,18570,18305,0.01427032848680665,18.57
75,998,18471,18210,0.014130258242650684,18.508016032064127
76,1000,18377,18106,0.014746694237361968,18.377
77,1000,18482,18222,0.014067741586408444,18.482
78,1000,17955,17680,0.01531606794764695,17.955
79,999,18317,18029,0.015723098760714094,18.335335335335337
80,1000,17992,17746,0.013672743441529578,17.992
81,1000,18074,17803,0.014993913909483236,18.074
82,999,17945,17731,0.0119253273892449,17.962962962962962
83,999,18037,17779,0.014303930808892806,18.055055055055057
84,999,18059,17851,0.011517802757627815,18.077077077077078
85,1000,18039,17797,0.013415377792560523,18.039
86,999,18036,17777,0.014360168551785346,18.054054054054053
87,999,17795,17585,0.011801067715650482,17.812812812812812
88,999,18077,17846,0.012778669026940359,18.095095095095097
89,998,17711,17501,0.011857037998983633,17.746492985971944
90,999,17766,17539,0.01277721490487449,17.783783783783782
91,1000,17767,17528,0.01345190521753814,17.767
92,999,17503,17316,0.010683882762954955,17.52052052052052
93,999,17520,17246,0.01563926940639271,17.53753753753754
94,996,17552,17323,0.013046946216955346,17.622489959839356
95,999,17836,17631,0.011493608432383895,17.853853853853852
96,999,17541,17303,0.013568211618493864,17.55855855855856
97,1000,17349,17122,0.013084327626952552,17.349
98,999,17402,17176,0.012987012987012991,17.41941941941942
99,1000,17320,17101,0.012644341801385628,17.32
100,1000,17473,17229,0.013964402220568828,17.473
101,997,17459,17247,0.012142734406323408,17.511534603811434
102,989,17311,17120,0.01103344694125119,17.503538928210315
103,887,15105,14956,0.009864283349884095,17.029312288613305
104,628,10384,10290,0.009052388289676472,16.53503184713376
105,362,5997,5973,0.004002001000500299,16.566298342541437
106,165,2660,2656,0.0015037593984962294,16.12121212121212
107,66,1104,1103,0.0009057971014492239,16.727272727272727
